"id","Objetivo","id_derecho","Derecho","Categoria","Categoria_Auxiliar_1","Categoria_Auxiliar_2"
1.1,1,1,"Alimentación","acuícola","comercio",
1.1,1,1,"Alimentación","acuícola","producción",
1.1,1,1,"Alimentación","acuícola","productividad",
1.1,1,1,"Alimentación","acuícola","productor",
1.1,1,1,"Alimentación","agrícola","comercio",
1.1,1,1,"Alimentación","agrícola","producción",
1.1,1,1,"Alimentación","agrícola","productividad",
1.1,1,1,"Alimentación","agrícola","productor",
1.1,1,1,"Alimentación","agroalimentaria","inocuidad",
1.1,1,1,"Alimentación","agroalimentario","comercio",
1.1,1,1,"Alimentación","agroalimentario","producción",
1.1,1,1,"Alimentación","agroalimentario","productividad",
1.1,1,1,"Alimentación","agroalimentario","productor",
1.1,1,1,"Alimentación","alimentación","abasto",
1.1,1,1,"Alimentación","alimentación","acceder",
1.1,1,1,"Alimentación","alimentación","acceso",
1.1,1,1,"Alimentación","alimentación","capacidad",
1.1,1,1,"Alimentación","alimentación","capacidades",
1.1,1,1,"Alimentación","alimentos","abasto",
1.1,1,1,"Alimentación","alimentos","acceder",
1.1,1,1,"Alimentación","alimentos","acceso",
1.1,1,1,"Alimentación","alimentos","apoyo",
1.1,1,1,"Alimentación","alimentos","capacidad",
1.1,1,1,"Alimentación","alimentos","capacidades",
1.1,1,1,"Alimentación","alimentos","comercio",
1.1,1,1,"Alimentación","alimentos","información",
1.1,1,1,"Alimentación","alimentos","inocuidad",
1.1,1,1,"Alimentación","alimentos","producción",
1.1,1,1,"Alimentación","alimentos","productividad",
1.1,1,1,"Alimentación","alimentos","productor",
1.1,1,1,"Alimentación","comedor",,
1.1,1,1,"Alimentación","despensa",,
1.1,1,1,"Alimentación","leche","abasto",
1.1,1,1,"Alimentación","leche","acceder",
1.1,1,1,"Alimentación","leche","acceso",
1.1,1,1,"Alimentación","leche","capacidad",
1.1,1,1,"Alimentación","leche","capacidades",
1.1,1,1,"Alimentación","nutrición",,
1.1,1,1,"Alimentación","nutricional",,
1.1,1,1,"Alimentación","nutritivo",,
1.1,1,1,"Alimentación","pesquero","comercio",
1.1,1,1,"Alimentación","pesquero","producción",
1.1,1,1,"Alimentación","pesquero","productividad",
1.1,1,1,"Alimentación","pesquero","productor",
1.1,1,1,"Alimentación","seguridad alimentaria",,
1.2,1,2,"Educación","docente","disponible",
1.2,1,2,"Educación","docente","formación",
1.2,1,2,"Educación","docente","plantilla",
1.2,1,2,"Educación","educación","acceder",
1.2,1,2,"Educación","educación","acceso",
1.2,1,2,"Educación","educación","aprendizaje",
1.2,1,2,"Educación","educación","atención",
1.2,1,2,"Educación","educación","Beca",
1.2,1,2,"Educación","educación","calidad",
1.2,1,2,"Educación","educación","capacidades",
1.2,1,2,"Educación","educación","conclusión",
1.2,1,2,"Educación","educación","concluyen",
1.2,1,2,"Educación","educación","difusión",
1.2,1,2,"Educación","educación","egreso",
1.2,1,2,"Educación","educación","equipamiento",
1.2,1,2,"Educación","educación","infraestructura",
1.2,1,2,"Educación","educación","ingreso",
1.2,1,2,"Educación","educación","materiales",
1.2,1,2,"Educación","educación","permanecer",
1.2,1,2,"Educación","educación","permanencia",
1.2,1,2,"Educación","educación","servicio",
1.2,1,2,"Educación","educación","transporte",
1.2,1,2,"Educación","educativa","cobertura",
1.2,1,2,"Educación","educativa","marginación",
1.2,1,2,"Educación","educativo","rezago",
1.2,1,2,"Educación","escolar","acceder",
1.2,1,2,"Educación","escolar","acceso",
1.2,1,2,"Educación","escolar","aprendizaje",
1.2,1,2,"Educación","escolar","atención",
1.2,1,2,"Educación","escolar","Beca",
1.2,1,2,"Educación","escolar","calidad",
1.2,1,2,"Educación","escolar","capacidades",
1.2,1,2,"Educación","escolar","conclusión",
1.2,1,2,"Educación","escolar","concluyen",
1.2,1,2,"Educación","escolar","difusión",
1.2,1,2,"Educación","escolar","egreso",
1.2,1,2,"Educación","escolar","equipamiento",
1.2,1,2,"Educación","escolar","infraestructura",
1.2,1,2,"Educación","escolar","ingreso",
1.2,1,2,"Educación","escolar","materiales",
1.2,1,2,"Educación","escolar","permanecer",
1.2,1,2,"Educación","escolar","permanencia",
1.2,1,2,"Educación","escolar","servicio",
1.2,1,2,"Educación","escolar","transporte",
1.2,1,2,"Educación","escuela","acceder",
1.2,1,2,"Educación","escuela","acceso",
1.2,1,2,"Educación","escuela","aprendizaje",
1.2,1,2,"Educación","escuela","atención",
1.2,1,2,"Educación","escuela","Beca",
1.2,1,2,"Educación","escuela","calidad",
1.2,1,2,"Educación","escuela","capacidades",
1.2,1,2,"Educación","escuela","cobertura",
1.2,1,2,"Educación","escuela","conclusión",
1.2,1,2,"Educación","escuela","concluyen",
1.2,1,2,"Educación","escuela","difusión",
1.2,1,2,"Educación","escuela","egreso",
1.2,1,2,"Educación","escuela","equipamiento",
1.2,1,2,"Educación","escuela","infraestructura",
1.2,1,2,"Educación","escuela","ingreso",
1.2,1,2,"Educación","escuela","marginación",
1.2,1,2,"Educación","escuela","materiales",
1.2,1,2,"Educación","escuela","permanecer",
1.2,1,2,"Educación","escuela","permanencia",
1.2,1,2,"Educación","escuela","rezago",
1.2,1,2,"Educación","escuela","servicio",
1.2,1,2,"Educación","escuela","transporte",
1.2,1,2,"Educación","maestra","disponible",
1.2,1,2,"Educación","maestra","formación",
1.2,1,2,"Educación","maestra","plantilla",
1.2,1,2,"Educación","maestro","disponible",
1.2,1,2,"Educación","maestro","formación",
1.2,1,2,"Educación","maestro","plantilla",
1.2,1,2,"Educación","personal académico","disponible",
1.2,1,2,"Educación","profesor","disponible",
1.2,1,2,"Educación","profesor","formación",
1.2,1,2,"Educación","profesor","plantilla",
1.3,1,3,"Salud","enfermedades",,
1.3,1,3,"Salud","hospitalaria","atención",
1.3,1,3,"Salud","médica","asistencia",
1.3,1,3,"Salud","médica","atención",
1.3,1,3,"Salud","médica","equipamiento",
1.3,1,3,"Salud","médica","infraestructura",
1.3,1,3,"Salud","médicos","servicios",
1.3,1,3,"Salud","quirúrgica","atención",
1.3,1,3,"Salud","salud","acceso",
1.3,1,3,"Salud","salud","adicciones",
1.3,1,3,"Salud","salud","asistencia",
1.3,1,3,"Salud","salud","atención",
1.3,1,3,"Salud","salud","calidad",
1.3,1,3,"Salud","salud","centro",
1.3,1,3,"Salud","salud","derechohabiente",
1.3,1,3,"Salud","salud","equipamiento",
1.3,1,3,"Salud","salud","formación",
1.3,1,3,"Salud","salud","información",
1.3,1,3,"Salud","salud","infraestructura",
1.3,1,3,"Salud","salud","medicamentos",
1.3,1,3,"Salud","salud","móvil",
1.3,1,3,"Salud","salud","personal médico",
1.3,1,3,"Salud","salud","prevención",
1.3,1,3,"Salud","salud","profesionales",
1.3,1,3,"Salud","salud","riesgos",
1.3,1,3,"Salud","salud","servicios",
1.4,1,4,"Trabajo","laboral","acceso",
1.4,1,4,"Trabajo","laboral","capacitación",
1.4,1,4,"Trabajo","laboral","centro",
1.4,1,4,"Trabajo","laboral","conciliación",
1.4,1,4,"Trabajo","laboral","conflicto",
1.4,1,4,"Trabajo","laboral","contrato",
1.4,1,4,"Trabajo","laboral","derechos",
1.4,1,4,"Trabajo","laboral","formación",
1.4,1,4,"Trabajo","laboral","formar",
1.4,1,4,"Trabajo","laboral","información",
1.4,1,4,"Trabajo","laboral","inspección",
1.4,1,4,"Trabajo","laboral","intermediación",
1.4,1,4,"Trabajo","laboral","jornada",
1.4,1,4,"Trabajo","laboral","justicia",
1.4,1,4,"Trabajo","laboral","protección",
1.4,1,4,"Trabajo","laboral","riesgo",
1.4,1,4,"Trabajo","laboral","vinculación",
1.4,1,4,"Trabajo","Salario",,
1.4,1,4,"Trabajo","trabajo","acceso",
1.4,1,4,"Trabajo","trabajo","capacitación",
1.4,1,4,"Trabajo","trabajo","centro",
1.4,1,4,"Trabajo","trabajo","conciliación",
1.4,1,4,"Trabajo","trabajo","conflicto",
1.4,1,4,"Trabajo","trabajo","contrato",
1.4,1,4,"Trabajo","trabajo","derechos",
1.4,1,4,"Trabajo","trabajo","formación",
1.4,1,4,"Trabajo","trabajo","formar",
1.4,1,4,"Trabajo","trabajo","información",
1.4,1,4,"Trabajo","trabajo","inspección",
1.4,1,4,"Trabajo","trabajo","intermediación",
1.4,1,4,"Trabajo","trabajo","jornada",
1.4,1,4,"Trabajo","trabajo","protección",
1.4,1,4,"Trabajo","trabajo","riesgo",
1.4,1,4,"Trabajo","trabajo","vinculación",
1.5,1,5,"Vivienda","agua potable",,
1.5,1,5,"Vivienda","alcantarillado",,
1.5,1,5,"Vivienda","asentamientos humanos","regularización",
1.5,1,5,"Vivienda","asentamientos humanos","regularizar",
1.5,1,5,"Vivienda","condiciones habitacionales","mejora",
1.5,1,5,"Vivienda","escritura",,
1.5,1,5,"Vivienda","espacios públicos",,
1.5,1,5,"Vivienda","patrimonial","certeza jurídica",
1.5,1,5,"Vivienda","patrimonial","certidumbre jurídica",
1.5,1,5,"Vivienda","patrimonial","seguridad jurídica",
1.5,1,5,"Vivienda","patrimonio","certeza jurídica",
1.5,1,5,"Vivienda","patrimonio","certidumbre jurídica",
1.5,1,5,"Vivienda","patrimonio","seguridad jurídica",
1.5,1,5,"Vivienda","soluciones habitacionales",,
1.5,1,5,"Vivienda","tenencia","certeza jurídica",
1.5,1,5,"Vivienda","tenencia","certidumbre jurídica",
1.5,1,5,"Vivienda","tenencia","seguridad jurídica",
1.5,1,5,"Vivienda","territorial","desarrollo",
1.5,1,5,"Vivienda","territorial","planeación",
1.5,1,5,"Vivienda","territorial","planificación",
1.5,1,5,"Vivienda","vivienda","adquisición",
1.5,1,5,"Vivienda","vivienda","calidad",
1.5,1,5,"Vivienda","vivienda","electricidad",
1.5,1,5,"Vivienda","vivienda","infraestructura",
1.5,1,5,"Vivienda","vivienda","satisfacción",
1.5,1,5,"Vivienda","vivienda","seguridad",
1.5,1,5,"Vivienda","vivienda","servicios básicos",
1.5,1,5,"Vivienda","vivienda","subsidio",
1.6,1,6,"Seguridad social","cesantía",,
1.6,1,6,"Seguridad social","enfermedades","profesionales",
1.6,1,6,"Seguridad social","estancia infantil",,
1.6,1,6,"Seguridad social","gastos","funerales",
1.6,1,6,"Seguridad social","gastos","funerarios",
1.6,1,6,"Seguridad social","guardería",,
1.6,1,6,"Seguridad social","incapacidad",,
1.6,1,6,"Seguridad social","invalidez",,
1.6,1,6,"Seguridad social","jubilación",,
1.6,1,6,"Seguridad social","laboral","indemnización",
1.6,1,6,"Seguridad social","pensión","orfandad",
1.6,1,6,"Seguridad social","pensión","retiro",
1.6,1,6,"Seguridad social","pensión","viudez",
1.6,1,6,"Seguridad social","prestaciones","económicas",
1.6,1,6,"Seguridad social","prestaciones","orfandad",
1.6,1,6,"Seguridad social","prestaciones","retiro",
1.6,1,6,"Seguridad social","prestaciones","riesgo","laboral"
1.6,1,6,"Seguridad social","prestaciones","riesgo","trabajo"
1.6,1,6,"Seguridad social","prestaciones","sociales",
1.6,1,6,"Seguridad social","prestaciones","viudez",
1.6,1,6,"Seguridad social","prestaciones","vivienda",
1.6,1,6,"Seguridad social","seguro","desempleo",
1.6,1,6,"Seguridad social","seguro","orfandad",
1.6,1,6,"Seguridad social","seguro","retiro",
1.6,1,6,"Seguridad social","seguro","viudez",
1.6,1,6,"Seguridad social","trabajo","indemnización",
1.6,1,6,"Seguridad social","vejez",,
1.7,1,7,"Medio Ambiente","acuíferos",,
1.7,1,7,"Medio Ambiente","agua","acceso",
1.7,1,7,"Medio Ambiente","agua","potable",
1.7,1,7,"Medio Ambiente","agua","residual",
1.7,1,7,"Medio Ambiente","agua","tratamiento",
1.7,1,7,"Medio Ambiente","aire",,
1.7,1,7,"Medio Ambiente","ambiental","capacitación",
1.7,1,7,"Medio Ambiente","ambiental","cuidado",
1.7,1,7,"Medio Ambiente","ambiental","gestión",
1.7,1,7,"Medio Ambiente","ambiental","investigación",
1.7,1,7,"Medio Ambiente","ambiental","mitigación",
1.7,1,7,"Medio Ambiente","ambiental","preservación",
1.7,1,7,"Medio Ambiente","ambiental","protección",
1.7,1,7,"Medio Ambiente","áreas naturales","aprovechamiento",
1.7,1,7,"Medio Ambiente","áreas naturales","conservación",
1.7,1,7,"Medio Ambiente","áreas naturales","mantenimiento",
1.7,1,7,"Medio Ambiente","áreas naturales","preservación",
1.7,1,7,"Medio Ambiente","áreas naturales","protección",
1.7,1,7,"Medio Ambiente","áreas naturales","restaurar",
1.7,1,7,"Medio Ambiente","biodiversidad","aprovechamiento",
1.7,1,7,"Medio Ambiente","biodiversidad","conservación",
1.7,1,7,"Medio Ambiente","biodiversidad","mantenimiento",
1.7,1,7,"Medio Ambiente","biodiversidad","preservación",
1.7,1,7,"Medio Ambiente","biodiversidad","protección",
1.7,1,7,"Medio Ambiente","biodiversidad","restaurar",
1.7,1,7,"Medio Ambiente","contaminación","contención",
1.7,1,7,"Medio Ambiente","contaminación","mitigación",
1.7,1,7,"Medio Ambiente","contaminación","prevención",
1.7,1,7,"Medio Ambiente","cuenca",,
1.7,1,7,"Medio Ambiente","desastres naturales","prevención",
1.7,1,7,"Medio Ambiente","ecología","capacitación",
1.7,1,7,"Medio Ambiente","ecología","cuidado",
1.7,1,7,"Medio Ambiente","ecología","gestión",
1.7,1,7,"Medio Ambiente","ecología","investigación",
1.7,1,7,"Medio Ambiente","ecología","mitigación",
1.7,1,7,"Medio Ambiente","ecología","preservación",
1.7,1,7,"Medio Ambiente","ecología","protección",
1.7,1,7,"Medio Ambiente","ecotecnología",,
1.7,1,7,"Medio Ambiente","erosión","prevención",
1.7,1,7,"Medio Ambiente","forestal","aprovechamiento",
1.7,1,7,"Medio Ambiente","forestal","conservación",
1.7,1,7,"Medio Ambiente","forestal","mantenimiento",
1.7,1,7,"Medio Ambiente","forestal","preservación",
1.7,1,7,"Medio Ambiente","forestal","protección",
1.7,1,7,"Medio Ambiente","forestal","restaurar",
1.7,1,7,"Medio Ambiente","incendios","prevención",
1.7,1,7,"Medio Ambiente","inundación","prevención",
1.7,1,7,"Medio Ambiente","medio ambiente","capacitación",
1.7,1,7,"Medio Ambiente","medio ambiente","cuidado",
1.7,1,7,"Medio Ambiente","medio ambiente","gestión",
1.7,1,7,"Medio Ambiente","medio ambiente","investigación",
1.7,1,7,"Medio Ambiente","medio ambiente","mitigación",
1.7,1,7,"Medio Ambiente","medio ambiente","preservación",
1.7,1,7,"Medio Ambiente","medio ambiente","protección",
1.7,1,7,"Medio Ambiente","recursos naturales","capacitación",
1.7,1,7,"Medio Ambiente","recursos naturales","cuidado",
1.7,1,7,"Medio Ambiente","recursos naturales","gestión",
1.7,1,7,"Medio Ambiente","recursos naturales","investigación",
1.7,1,7,"Medio Ambiente","recursos naturales","mitigación",
1.7,1,7,"Medio Ambiente","recursos naturales","preservación",
1.7,1,7,"Medio Ambiente","recursos naturales","protección",
1.7,1,7,"Medio Ambiente","reforestación",,
1.7,1,7,"Medio Ambiente","residuos","sólidos",
2.1,2,1,"Generación y conservación del empleo","autoempleo",,
2.1,2,1,"Generación y conservación del empleo","empleo","acceder",
2.1,2,1,"Generación y conservación del empleo","empleo","acceso",
2.1,2,1,"Generación y conservación del empleo","empleo","adiestramiento",
2.1,2,1,"Generación y conservación del empleo","empleo","capacitación",
2.1,2,1,"Generación y conservación del empleo","empleo","certificación",
2.1,2,1,"Generación y conservación del empleo","empleo","colocación",
2.1,2,1,"Generación y conservación del empleo","empleo","formación",
2.1,2,1,"Generación y conservación del empleo","empleo","generación",
2.1,2,1,"Generación y conservación del empleo","empleo","generar",
2.1,2,1,"Generación y conservación del empleo","empleo","inserción",
2.1,2,1,"Generación y conservación del empleo","empleo","integración",
2.1,2,1,"Generación y conservación del empleo","empleo","integrar",
2.1,2,1,"Generación y conservación del empleo","empleo","intermediación",
2.1,2,1,"Generación y conservación del empleo","empleo","normalización",
2.1,2,1,"Generación y conservación del empleo","empleo","permanecer",
2.1,2,1,"Generación y conservación del empleo","empleo","permanencia",
2.1,2,1,"Generación y conservación del empleo","empleo","productividad",
2.1,2,1,"Generación y conservación del empleo","empleo","Promoción",
2.1,2,1,"Generación y conservación del empleo","empleo","vinculación",
2.1,2,1,"Generación y conservación del empleo","mercado laboral","acceder",
2.1,2,1,"Generación y conservación del empleo","mercado laboral","acceso",
2.1,2,1,"Generación y conservación del empleo","mercado laboral","adiestramiento",
2.1,2,1,"Generación y conservación del empleo","mercado laboral","capacitación",
2.1,2,1,"Generación y conservación del empleo","mercado laboral","certificación",
2.1,2,1,"Generación y conservación del empleo","mercado laboral","colocación",
2.1,2,1,"Generación y conservación del empleo","mercado laboral","formación",
2.1,2,1,"Generación y conservación del empleo","mercado laboral","generación",
2.1,2,1,"Generación y conservación del empleo","mercado laboral","generar",
2.1,2,1,"Generación y conservación del empleo","mercado laboral","inserción",
2.1,2,1,"Generación y conservación del empleo","mercado laboral","integración",
2.1,2,1,"Generación y conservación del empleo","mercado laboral","integrar",
2.1,2,1,"Generación y conservación del empleo","mercado laboral","intermediación",
2.1,2,1,"Generación y conservación del empleo","mercado laboral","normalización",
2.1,2,1,"Generación y conservación del empleo","mercado laboral","permanecer",
2.1,2,1,"Generación y conservación del empleo","mercado laboral","permanencia",
2.1,2,1,"Generación y conservación del empleo","mercado laboral","productividad",
2.1,2,1,"Generación y conservación del empleo","mercado laboral","Promoción",
2.1,2,1,"Generación y conservación del empleo","mercado laboral","vinculación",
2.1,2,1,"Generación y conservación del empleo","ocupación","acceder",
2.1,2,1,"Generación y conservación del empleo","ocupación","acceso",
2.1,2,1,"Generación y conservación del empleo","ocupación","adiestramiento",
2.1,2,1,"Generación y conservación del empleo","ocupación","capacitación",
2.1,2,1,"Generación y conservación del empleo","ocupación","certificación",
2.1,2,1,"Generación y conservación del empleo","ocupación","colocación",
2.1,2,1,"Generación y conservación del empleo","ocupación","formación",
2.1,2,1,"Generación y conservación del empleo","ocupación","generación",
2.1,2,1,"Generación y conservación del empleo","ocupación","generar",
2.1,2,1,"Generación y conservación del empleo","ocupación","inserción",
2.1,2,1,"Generación y conservación del empleo","ocupación","integración",
2.1,2,1,"Generación y conservación del empleo","ocupación","integrar",
2.1,2,1,"Generación y conservación del empleo","ocupación","intermediación",
2.1,2,1,"Generación y conservación del empleo","ocupación","normalización",
2.1,2,1,"Generación y conservación del empleo","ocupación","permanecer",
2.1,2,1,"Generación y conservación del empleo","ocupación","permanencia",
2.1,2,1,"Generación y conservación del empleo","ocupación","productividad",
2.1,2,1,"Generación y conservación del empleo","ocupación","Promoción",
2.1,2,1,"Generación y conservación del empleo","ocupación","vinculación",
2.1,2,1,"Generación y conservación del empleo","trabajo","acceder",
2.1,2,1,"Generación y conservación del empleo","trabajo","acceso",
2.1,2,1,"Generación y conservación del empleo","trabajo","adiestramiento",
2.1,2,1,"Generación y conservación del empleo","trabajo","capacitación",
2.1,2,1,"Generación y conservación del empleo","trabajo","certificación",
2.1,2,1,"Generación y conservación del empleo","trabajo","colocación",
2.1,2,1,"Generación y conservación del empleo","trabajo","formación",
2.1,2,1,"Generación y conservación del empleo","trabajo","generación",
2.1,2,1,"Generación y conservación del empleo","trabajo","generar",
2.1,2,1,"Generación y conservación del empleo","trabajo","inserción",
2.1,2,1,"Generación y conservación del empleo","trabajo","integración",
2.1,2,1,"Generación y conservación del empleo","trabajo","integrar",
2.1,2,1,"Generación y conservación del empleo","trabajo","intermediación",
2.1,2,1,"Generación y conservación del empleo","trabajo","normalización",
2.1,2,1,"Generación y conservación del empleo","trabajo","permanecer",
2.1,2,1,"Generación y conservación del empleo","trabajo","permanencia",
2.1,2,1,"Generación y conservación del empleo","trabajo","productividad",
2.1,2,1,"Generación y conservación del empleo","trabajo","Promoción",
2.1,2,1,"Generación y conservación del empleo","trabajo","vinculación",
2.2,2,2,"Apoyo productivo|Economía Social","artesanos","abasto",
2.2,2,2,"Apoyo productivo|Economía Social","artesanos","actividad productiva",
2.2,2,2,"Apoyo productivo|Economía Social","artesanos","actividades productivas",
2.2,2,2,"Apoyo productivo|Economía Social","artesanos","almacenamiento",
2.2,2,2,"Apoyo productivo|Economía Social","artesanos","apoyo legal",
2.2,2,2,"Apoyo productivo|Economía Social","artesanos","aseguramiento",
2.2,2,2,"Apoyo productivo|Economía Social","artesanos","asesoría",
2.2,2,2,"Apoyo productivo|Economía Social","artesanos","asistencia técnica",
2.2,2,2,"Apoyo productivo|Economía Social","artesanos","cadenas productivas",
2.2,2,2,"Apoyo productivo|Economía Social","artesanos","capacidad productiva",
2.2,2,2,"Apoyo productivo|Economía Social","artesanos","capacitación",
2.2,2,2,"Apoyo productivo|Economía Social","artesanos","capitalización",
2.2,2,2,"Apoyo productivo|Economía Social","artesanos","comercialización",
2.2,2,2,"Apoyo productivo|Economía Social","artesanos","competitiva",
2.2,2,2,"Apoyo productivo|Economía Social","artesanos","competitividad",
2.2,2,2,"Apoyo productivo|Economía Social","artesanos","desarrollo",
2.2,2,2,"Apoyo productivo|Economía Social","artesanos","financiamiento",
2.2,2,2,"Apoyo productivo|Economía Social","artesanos","formación",
2.2,2,2,"Apoyo productivo|Economía Social","artesanos","incubación",
2.2,2,2,"Apoyo productivo|Economía Social","artesanos","información",
2.2,2,2,"Apoyo productivo|Economía Social","artesanos","iniciativa productiva",
2.2,2,2,"Apoyo productivo|Economía Social","artesanos","iniciativas productivas",
2.2,2,2,"Apoyo productivo|Economía Social","artesanos","inversión",
2.2,2,2,"Apoyo productivo|Economía Social","artesanos","investigación",
2.2,2,2,"Apoyo productivo|Economía Social","artesanos","organización",
2.2,2,2,"Apoyo productivo|Economía Social","artesanos","producción",
2.2,2,2,"Apoyo productivo|Economía Social","artesanos","productividad",
2.2,2,2,"Apoyo productivo|Economía Social","artesanos","proyecto productivo",
2.2,2,2,"Apoyo productivo|Economía Social","artesanos","proyectos productivos",
2.2,2,2,"Apoyo productivo|Economía Social","artesanos","reconversión",
2.2,2,2,"Apoyo productivo|Economía Social","artesanos","tecnología",
2.2,2,2,"Apoyo productivo|Economía Social","artesanos","transporte",
2.2,2,2,"Apoyo productivo|Economía Social","comunidades","abasto",
2.2,2,2,"Apoyo productivo|Economía Social","comunidades","actividad productiva",
2.2,2,2,"Apoyo productivo|Economía Social","comunidades","actividades productivas",
2.2,2,2,"Apoyo productivo|Economía Social","comunidades","almacenamiento",
2.2,2,2,"Apoyo productivo|Economía Social","comunidades","apoyo legal",
2.2,2,2,"Apoyo productivo|Economía Social","comunidades","aseguramiento",
2.2,2,2,"Apoyo productivo|Economía Social","comunidades","asesoría",
2.2,2,2,"Apoyo productivo|Economía Social","comunidades","asistencia técnica",
2.2,2,2,"Apoyo productivo|Economía Social","comunidades","cadenas productivas",
2.2,2,2,"Apoyo productivo|Economía Social","comunidades","capacidad productiva",
2.2,2,2,"Apoyo productivo|Economía Social","comunidades","capacitación",
2.2,2,2,"Apoyo productivo|Economía Social","comunidades","capitalización",
2.2,2,2,"Apoyo productivo|Economía Social","comunidades","comercialización",
2.2,2,2,"Apoyo productivo|Economía Social","comunidades","competitiva",
2.2,2,2,"Apoyo productivo|Economía Social","comunidades","competitividad",
2.2,2,2,"Apoyo productivo|Economía Social","comunidades","desarrollo",
2.2,2,2,"Apoyo productivo|Economía Social","comunidades","financiamiento",
2.2,2,2,"Apoyo productivo|Economía Social","comunidades","formación",
2.2,2,2,"Apoyo productivo|Economía Social","comunidades","incubación",
2.2,2,2,"Apoyo productivo|Economía Social","comunidades","información",
2.2,2,2,"Apoyo productivo|Economía Social","comunidades","iniciativa productiva",
2.2,2,2,"Apoyo productivo|Economía Social","comunidades","iniciativas productivas",
2.2,2,2,"Apoyo productivo|Economía Social","comunidades","inversión",
2.2,2,2,"Apoyo productivo|Economía Social","comunidades","investigación",
2.2,2,2,"Apoyo productivo|Economía Social","comunidades","organización",
2.2,2,2,"Apoyo productivo|Economía Social","comunidades","producción",
2.2,2,2,"Apoyo productivo|Economía Social","comunidades","productividad",
2.2,2,2,"Apoyo productivo|Economía Social","comunidades","proyecto productivo",
2.2,2,2,"Apoyo productivo|Economía Social","comunidades","proyectos productivos",
2.2,2,2,"Apoyo productivo|Economía Social","comunidades","reconversión",
2.2,2,2,"Apoyo productivo|Economía Social","comunidades","tecnología",
2.2,2,2,"Apoyo productivo|Economía Social","comunidades","transporte",
2.2,2,2,"Apoyo productivo|Economía Social","comunidades indígenas","abasto",
2.2,2,2,"Apoyo productivo|Economía Social","comunidades indígenas","actividad productiva",
2.2,2,2,"Apoyo productivo|Economía Social","comunidades indígenas","actividades productivas",
2.2,2,2,"Apoyo productivo|Economía Social","comunidades indígenas","almacenamiento",
2.2,2,2,"Apoyo productivo|Economía Social","comunidades indígenas","apoyo legal",
2.2,2,2,"Apoyo productivo|Economía Social","comunidades indígenas","aseguramiento",
2.2,2,2,"Apoyo productivo|Economía Social","comunidades indígenas","asesoría",
2.2,2,2,"Apoyo productivo|Economía Social","comunidades indígenas","asistencia técnica",
2.2,2,2,"Apoyo productivo|Economía Social","comunidades indígenas","cadenas productivas",
2.2,2,2,"Apoyo productivo|Economía Social","comunidades indígenas","capacidad productiva",
2.2,2,2,"Apoyo productivo|Economía Social","comunidades indígenas","capacitación",
2.2,2,2,"Apoyo productivo|Economía Social","comunidades indígenas","capitalización",
2.2,2,2,"Apoyo productivo|Economía Social","comunidades indígenas","comercialización",
2.2,2,2,"Apoyo productivo|Economía Social","comunidades indígenas","competitiva",
2.2,2,2,"Apoyo productivo|Economía Social","comunidades indígenas","competitividad",
2.2,2,2,"Apoyo productivo|Economía Social","comunidades indígenas","desarrollo",
2.2,2,2,"Apoyo productivo|Economía Social","comunidades indígenas","financiamiento",
2.2,2,2,"Apoyo productivo|Economía Social","comunidades indígenas","formación",
2.2,2,2,"Apoyo productivo|Economía Social","comunidades indígenas","incubación",
2.2,2,2,"Apoyo productivo|Economía Social","comunidades indígenas","información",
2.2,2,2,"Apoyo productivo|Economía Social","comunidades indígenas","iniciativa productiva",
2.2,2,2,"Apoyo productivo|Economía Social","comunidades indígenas","iniciativas productivas",
2.2,2,2,"Apoyo productivo|Economía Social","comunidades indígenas","inversión",
2.2,2,2,"Apoyo productivo|Economía Social","comunidades indígenas","investigación",
2.2,2,2,"Apoyo productivo|Economía Social","comunidades indígenas","organización",
2.2,2,2,"Apoyo productivo|Economía Social","comunidades indígenas","producción",
2.2,2,2,"Apoyo productivo|Economía Social","comunidades indígenas","productividad",
2.2,2,2,"Apoyo productivo|Economía Social","comunidades indígenas","proyecto productivo",
2.2,2,2,"Apoyo productivo|Economía Social","comunidades indígenas","proyectos productivos",
2.2,2,2,"Apoyo productivo|Economía Social","comunidades indígenas","reconversión",
2.2,2,2,"Apoyo productivo|Economía Social","comunidades indígenas","tecnología",
2.2,2,2,"Apoyo productivo|Economía Social","comunidades indígenas","transporte",
2.2,2,2,"Apoyo productivo|Economía Social","ejidos","abasto",
2.2,2,2,"Apoyo productivo|Economía Social","ejidos","actividad productiva",
2.2,2,2,"Apoyo productivo|Economía Social","ejidos","actividades productivas",
2.2,2,2,"Apoyo productivo|Economía Social","ejidos","almacenamiento",
2.2,2,2,"Apoyo productivo|Economía Social","ejidos","apoyo legal",
2.2,2,2,"Apoyo productivo|Economía Social","ejidos","aseguramiento",
2.2,2,2,"Apoyo productivo|Economía Social","ejidos","asesoría",
2.2,2,2,"Apoyo productivo|Economía Social","ejidos","asistencia técnica",
2.2,2,2,"Apoyo productivo|Economía Social","ejidos","cadenas productivas",
2.2,2,2,"Apoyo productivo|Economía Social","ejidos","capacidad productiva",
2.2,2,2,"Apoyo productivo|Economía Social","ejidos","capacitación",
2.2,2,2,"Apoyo productivo|Economía Social","ejidos","capitalización",
2.2,2,2,"Apoyo productivo|Economía Social","ejidos","comercialización",
2.2,2,2,"Apoyo productivo|Economía Social","ejidos","competitiva",
2.2,2,2,"Apoyo productivo|Economía Social","ejidos","competitividad",
2.2,2,2,"Apoyo productivo|Economía Social","ejidos","desarrollo",
2.2,2,2,"Apoyo productivo|Economía Social","ejidos","financiamiento",
2.2,2,2,"Apoyo productivo|Economía Social","ejidos","formación",
2.2,2,2,"Apoyo productivo|Economía Social","ejidos","incubación",
2.2,2,2,"Apoyo productivo|Economía Social","ejidos","información",
2.2,2,2,"Apoyo productivo|Economía Social","ejidos","iniciativa productiva",
2.2,2,2,"Apoyo productivo|Economía Social","ejidos","iniciativas productivas",
2.2,2,2,"Apoyo productivo|Economía Social","ejidos","inversión",
2.2,2,2,"Apoyo productivo|Economía Social","ejidos","investigación",
2.2,2,2,"Apoyo productivo|Economía Social","ejidos","organización",
2.2,2,2,"Apoyo productivo|Economía Social","ejidos","producción",
2.2,2,2,"Apoyo productivo|Economía Social","ejidos","productividad",
2.2,2,2,"Apoyo productivo|Economía Social","ejidos","proyecto productivo",
2.2,2,2,"Apoyo productivo|Economía Social","ejidos","proyectos productivos",
2.2,2,2,"Apoyo productivo|Economía Social","ejidos","reconversión",
2.2,2,2,"Apoyo productivo|Economía Social","ejidos","tecnología",
2.2,2,2,"Apoyo productivo|Economía Social","ejidos","transporte",
2.2,2,2,"Apoyo productivo|Economía Social","emprendedores","actividad productiva",
2.2,2,2,"Apoyo productivo|Economía Social","emprendedores","actividades productivas",
2.2,2,2,"Apoyo productivo|Economía Social","emprendedores","apoyo legal",
2.2,2,2,"Apoyo productivo|Economía Social","emprendedores","asesoría",
2.2,2,2,"Apoyo productivo|Economía Social","emprendedores","asistencia técnica",
2.2,2,2,"Apoyo productivo|Economía Social","emprendedores","cadenas productivas",
2.2,2,2,"Apoyo productivo|Economía Social","emprendedores","capacidad productiva",
2.2,2,2,"Apoyo productivo|Economía Social","emprendedores","capacitación",
2.2,2,2,"Apoyo productivo|Economía Social","emprendedores","competitiva",
2.2,2,2,"Apoyo productivo|Economía Social","emprendedores","competitividad",
2.2,2,2,"Apoyo productivo|Economía Social","emprendedores","desarrollo",
2.2,2,2,"Apoyo productivo|Economía Social","emprendedores","financiamiento",
2.2,2,2,"Apoyo productivo|Economía Social","emprendedores","formación",
2.2,2,2,"Apoyo productivo|Economía Social","emprendedores","incubación",
2.2,2,2,"Apoyo productivo|Economía Social","emprendedores","información",
2.2,2,2,"Apoyo productivo|Economía Social","emprendedores","iniciativa productiva",
2.2,2,2,"Apoyo productivo|Economía Social","emprendedores","iniciativas productivas",
2.2,2,2,"Apoyo productivo|Economía Social","emprendedores","inversión",
2.2,2,2,"Apoyo productivo|Economía Social","emprendedores","investigación",
2.2,2,2,"Apoyo productivo|Economía Social","emprendedores","organización",
2.2,2,2,"Apoyo productivo|Economía Social","emprendedores","productividad",
2.2,2,2,"Apoyo productivo|Economía Social","emprendedores","proyecto productivo",
2.2,2,2,"Apoyo productivo|Economía Social","emprendedores","proyectos productivos",
2.2,2,2,"Apoyo productivo|Economía Social","emprendedores","tecnología",
2.2,2,2,"Apoyo productivo|Economía Social","empresas de trabajadores","abasto",
2.2,2,2,"Apoyo productivo|Economía Social","empresas de trabajadores","actividad productiva",
2.2,2,2,"Apoyo productivo|Economía Social","empresas de trabajadores","actividades productivas",
2.2,2,2,"Apoyo productivo|Economía Social","empresas de trabajadores","almacenamiento",
2.2,2,2,"Apoyo productivo|Economía Social","empresas de trabajadores","apoyo legal",
2.2,2,2,"Apoyo productivo|Economía Social","empresas de trabajadores","aseguramiento",
2.2,2,2,"Apoyo productivo|Economía Social","empresas de trabajadores","asesoría",
2.2,2,2,"Apoyo productivo|Economía Social","empresas de trabajadores","asistencia técnica",
2.2,2,2,"Apoyo productivo|Economía Social","empresas de trabajadores","cadenas productivas",
2.2,2,2,"Apoyo productivo|Economía Social","empresas de trabajadores","capacidad productiva",
2.2,2,2,"Apoyo productivo|Economía Social","empresas de trabajadores","capacitación",
2.2,2,2,"Apoyo productivo|Economía Social","empresas de trabajadores","capitalización",
2.2,2,2,"Apoyo productivo|Economía Social","empresas de trabajadores","comercialización",
2.2,2,2,"Apoyo productivo|Economía Social","empresas de trabajadores","competitiva",
2.2,2,2,"Apoyo productivo|Economía Social","empresas de trabajadores","competitividad",
2.2,2,2,"Apoyo productivo|Economía Social","empresas de trabajadores","desarrollo",
2.2,2,2,"Apoyo productivo|Economía Social","empresas de trabajadores","financiamiento",
2.2,2,2,"Apoyo productivo|Economía Social","empresas de trabajadores","formación",
2.2,2,2,"Apoyo productivo|Economía Social","empresas de trabajadores","incubación",
2.2,2,2,"Apoyo productivo|Economía Social","empresas de trabajadores","información",
2.2,2,2,"Apoyo productivo|Economía Social","empresas de trabajadores","iniciativa productiva",
2.2,2,2,"Apoyo productivo|Economía Social","empresas de trabajadores","iniciativas productivas",
2.2,2,2,"Apoyo productivo|Economía Social","empresas de trabajadores","inversión",
2.2,2,2,"Apoyo productivo|Economía Social","empresas de trabajadores","investigación",
2.2,2,2,"Apoyo productivo|Economía Social","empresas de trabajadores","organización",
2.2,2,2,"Apoyo productivo|Economía Social","empresas de trabajadores","producción",
2.2,2,2,"Apoyo productivo|Economía Social","empresas de trabajadores","productividad",
2.2,2,2,"Apoyo productivo|Economía Social","empresas de trabajadores","proyecto productivo",
2.2,2,2,"Apoyo productivo|Economía Social","empresas de trabajadores","proyectos productivos",
2.2,2,2,"Apoyo productivo|Economía Social","empresas de trabajadores","reconversión",
2.2,2,2,"Apoyo productivo|Economía Social","empresas de trabajadores","transporte",
2.2,2,2,"Apoyo productivo|Economía Social","Mediana","empresa","actividad productiva"
2.2,2,2,"Apoyo productivo|Economía Social","Mediana","empresa","actividades productivas"
2.2,2,2,"Apoyo productivo|Economía Social","Mediana","empresa","apoyo legal"
2.2,2,2,"Apoyo productivo|Economía Social","Mediana","empresa","asesoría"
2.2,2,2,"Apoyo productivo|Economía Social","Mediana","empresa","asistencia técnica"
2.2,2,2,"Apoyo productivo|Economía Social","Mediana","empresa","cadenas productivas"
2.2,2,2,"Apoyo productivo|Economía Social","Mediana","empresa","capacidad productiva"
2.2,2,2,"Apoyo productivo|Economía Social","Mediana","empresa","capacitación"
2.2,2,2,"Apoyo productivo|Economía Social","Mediana","empresa","competitiva"
2.2,2,2,"Apoyo productivo|Economía Social","Mediana","empresa","competitividad"
2.2,2,2,"Apoyo productivo|Economía Social","Mediana","empresa","desarrollo"
2.2,2,2,"Apoyo productivo|Economía Social","Mediana","empresa","financiamiento"
2.2,2,2,"Apoyo productivo|Economía Social","Mediana","empresa","formación"
2.2,2,2,"Apoyo productivo|Economía Social","Mediana","empresa","incubación"
2.2,2,2,"Apoyo productivo|Economía Social","Mediana","empresa","información"
2.2,2,2,"Apoyo productivo|Economía Social","Mediana","empresa","iniciativa productiva"
2.2,2,2,"Apoyo productivo|Economía Social","Mediana","empresa","iniciativas productivas"
2.2,2,2,"Apoyo productivo|Economía Social","Mediana","empresa","inversión"
2.2,2,2,"Apoyo productivo|Economía Social","Mediana","empresa","investigación"
2.2,2,2,"Apoyo productivo|Economía Social","Mediana","empresa","organización"
2.2,2,2,"Apoyo productivo|Economía Social","Mediana","empresa","productividad"
2.2,2,2,"Apoyo productivo|Economía Social","Mediana","empresa","proyecto productivo"
2.2,2,2,"Apoyo productivo|Economía Social","Mediana","empresa","proyectos productivos"
2.2,2,2,"Apoyo productivo|Economía Social","Mediana","empresa","tecnología"
2.2,2,2,"Apoyo productivo|Economía Social","Micro","empresa","actividad productiva"
2.2,2,2,"Apoyo productivo|Economía Social","Micro","empresa","actividades productivas"
2.2,2,2,"Apoyo productivo|Economía Social","Micro","empresa","apoyo legal"
2.2,2,2,"Apoyo productivo|Economía Social","Micro","empresa","asesoría"
2.2,2,2,"Apoyo productivo|Economía Social","Micro","empresa","asistencia técnica"
2.2,2,2,"Apoyo productivo|Economía Social","Micro","empresa","cadenas productivas"
2.2,2,2,"Apoyo productivo|Economía Social","Micro","empresa","capacidad productiva"
2.2,2,2,"Apoyo productivo|Economía Social","Micro","empresa","capacitación"
2.2,2,2,"Apoyo productivo|Economía Social","Micro","empresa","competitiva"
2.2,2,2,"Apoyo productivo|Economía Social","Micro","empresa","competitividad"
2.2,2,2,"Apoyo productivo|Economía Social","Micro","empresa","desarrollo"
2.2,2,2,"Apoyo productivo|Economía Social","Micro","empresa","financiamiento"
2.2,2,2,"Apoyo productivo|Economía Social","Micro","empresa","formación"
2.2,2,2,"Apoyo productivo|Economía Social","Micro","empresa","incubación"
2.2,2,2,"Apoyo productivo|Economía Social","Micro","empresa","información"
2.2,2,2,"Apoyo productivo|Economía Social","Micro","empresa","iniciativa productiva"
2.2,2,2,"Apoyo productivo|Economía Social","Micro","empresa","iniciativas productivas"
2.2,2,2,"Apoyo productivo|Economía Social","Micro","empresa","inversión"
2.2,2,2,"Apoyo productivo|Economía Social","Micro","empresa","investigación"
2.2,2,2,"Apoyo productivo|Economía Social","Micro","empresa","organización"
2.2,2,2,"Apoyo productivo|Economía Social","Micro","empresa","productividad"
2.2,2,2,"Apoyo productivo|Economía Social","Micro","empresa","proyecto productivo"
2.2,2,2,"Apoyo productivo|Economía Social","Micro","empresa","proyectos productivos"
2.2,2,2,"Apoyo productivo|Economía Social","Micro","empresa","tecnología"
2.2,2,2,"Apoyo productivo|Economía Social","organizacion de trabajadores","abasto",
2.2,2,2,"Apoyo productivo|Economía Social","organizacion de trabajadores","actividad productiva",
2.2,2,2,"Apoyo productivo|Economía Social","organizacion de trabajadores","actividades productivas",
2.2,2,2,"Apoyo productivo|Economía Social","organizacion de trabajadores","almacenamiento",
2.2,2,2,"Apoyo productivo|Economía Social","organizacion de trabajadores","apoyo legal",
2.2,2,2,"Apoyo productivo|Economía Social","organizacion de trabajadores","aseguramiento",
2.2,2,2,"Apoyo productivo|Economía Social","organizacion de trabajadores","asesoría",
2.2,2,2,"Apoyo productivo|Economía Social","organizacion de trabajadores","asistencia técnica",
2.2,2,2,"Apoyo productivo|Economía Social","organizacion de trabajadores","cadenas productivas",
2.2,2,2,"Apoyo productivo|Economía Social","organizacion de trabajadores","capacidad productiva",
2.2,2,2,"Apoyo productivo|Economía Social","organizacion de trabajadores","capacitación",
2.2,2,2,"Apoyo productivo|Economía Social","organizacion de trabajadores","capitalización",
2.2,2,2,"Apoyo productivo|Economía Social","organizacion de trabajadores","comercialización",
2.2,2,2,"Apoyo productivo|Economía Social","organizacion de trabajadores","competitiva",
2.2,2,2,"Apoyo productivo|Economía Social","organizacion de trabajadores","competitividad",
2.2,2,2,"Apoyo productivo|Economía Social","organizacion de trabajadores","desarrollo",
2.2,2,2,"Apoyo productivo|Economía Social","organizacion de trabajadores","financiamiento",
2.2,2,2,"Apoyo productivo|Economía Social","organizacion de trabajadores","formación",
2.2,2,2,"Apoyo productivo|Economía Social","organizacion de trabajadores","incubación",
2.2,2,2,"Apoyo productivo|Economía Social","organizacion de trabajadores","información",
2.2,2,2,"Apoyo productivo|Economía Social","organizacion de trabajadores","iniciativa productiva",
2.2,2,2,"Apoyo productivo|Economía Social","organizacion de trabajadores","iniciativas productivas",
2.2,2,2,"Apoyo productivo|Economía Social","organizacion de trabajadores","inversión",
2.2,2,2,"Apoyo productivo|Economía Social","organizacion de trabajadores","investigación",
2.2,2,2,"Apoyo productivo|Economía Social","organizacion de trabajadores","organización",
2.2,2,2,"Apoyo productivo|Economía Social","organizacion de trabajadores","producción",
2.2,2,2,"Apoyo productivo|Economía Social","organizacion de trabajadores","productividad",
2.2,2,2,"Apoyo productivo|Economía Social","organizacion de trabajadores","proyecto productivo",
2.2,2,2,"Apoyo productivo|Economía Social","organizacion de trabajadores","proyectos productivos",
2.2,2,2,"Apoyo productivo|Economía Social","organizacion de trabajadores","reconversión",
2.2,2,2,"Apoyo productivo|Economía Social","organizacion de trabajadores","transporte",
2.2,2,2,"Apoyo productivo|Economía Social","organizacion rural","abasto",
2.2,2,2,"Apoyo productivo|Economía Social","organizacion rural","actividad productiva",
2.2,2,2,"Apoyo productivo|Economía Social","organizacion rural","actividades productivas",
2.2,2,2,"Apoyo productivo|Economía Social","organizacion rural","almacenamiento",
2.2,2,2,"Apoyo productivo|Economía Social","organizacion rural","apoyo legal",
2.2,2,2,"Apoyo productivo|Economía Social","organizacion rural","aseguramiento",
2.2,2,2,"Apoyo productivo|Economía Social","organizacion rural","asesoría",
2.2,2,2,"Apoyo productivo|Economía Social","organizacion rural","asistencia técnica",
2.2,2,2,"Apoyo productivo|Economía Social","organizacion rural","cadenas productivas",
2.2,2,2,"Apoyo productivo|Economía Social","organizacion rural","capacidad productiva",
2.2,2,2,"Apoyo productivo|Economía Social","organizacion rural","capacitación",
2.2,2,2,"Apoyo productivo|Economía Social","organizacion rural","capitalización",
2.2,2,2,"Apoyo productivo|Economía Social","organizacion rural","comercialización",
2.2,2,2,"Apoyo productivo|Economía Social","organizacion rural","competitiva",
2.2,2,2,"Apoyo productivo|Economía Social","organizacion rural","competitividad",
2.2,2,2,"Apoyo productivo|Economía Social","organizacion rural","desarrollo",
2.2,2,2,"Apoyo productivo|Economía Social","organizacion rural","financiamiento",
2.2,2,2,"Apoyo productivo|Economía Social","organizacion rural","formación",
2.2,2,2,"Apoyo productivo|Economía Social","organizacion rural","información",
2.2,2,2,"Apoyo productivo|Economía Social","organizacion rural","iniciativa productiva",
2.2,2,2,"Apoyo productivo|Economía Social","organizacion rural","iniciativas productivas",
2.2,2,2,"Apoyo productivo|Economía Social","organizacion rural","inversión",
2.2,2,2,"Apoyo productivo|Economía Social","organizacion rural","investigación",
2.2,2,2,"Apoyo productivo|Economía Social","organizacion rural","organización",
2.2,2,2,"Apoyo productivo|Economía Social","organizacion rural","producción",
2.2,2,2,"Apoyo productivo|Economía Social","organizacion rural","productividad",
2.2,2,2,"Apoyo productivo|Economía Social","organizacion rural","proyecto productivo",
2.2,2,2,"Apoyo productivo|Economía Social","organizacion rural","proyectos productivos",
2.2,2,2,"Apoyo productivo|Economía Social","organizacion rural","reconversión",
2.2,2,2,"Apoyo productivo|Economía Social","organizacion rural","tecnología",
2.2,2,2,"Apoyo productivo|Economía Social","organizacion rural","transporte",
2.2,2,2,"Apoyo productivo|Economía Social","organizaciones campesinas","abasto",
2.2,2,2,"Apoyo productivo|Economía Social","organizaciones campesinas","actividad productiva",
2.2,2,2,"Apoyo productivo|Economía Social","organizaciones campesinas","actividades productivas",
2.2,2,2,"Apoyo productivo|Economía Social","organizaciones campesinas","almacenamiento",
2.2,2,2,"Apoyo productivo|Economía Social","organizaciones campesinas","apoyo legal",
2.2,2,2,"Apoyo productivo|Economía Social","organizaciones campesinas","aseguramiento",
2.2,2,2,"Apoyo productivo|Economía Social","organizaciones campesinas","asesoría",
2.2,2,2,"Apoyo productivo|Economía Social","organizaciones campesinas","asistencia técnica",
2.2,2,2,"Apoyo productivo|Economía Social","organizaciones campesinas","cadenas productivas",
2.2,2,2,"Apoyo productivo|Economía Social","organizaciones campesinas","capacidad productiva",
2.2,2,2,"Apoyo productivo|Economía Social","organizaciones campesinas","capacitación",
2.2,2,2,"Apoyo productivo|Economía Social","organizaciones campesinas","capitalización",
2.2,2,2,"Apoyo productivo|Economía Social","organizaciones campesinas","comercialización",
2.2,2,2,"Apoyo productivo|Economía Social","organizaciones campesinas","competitiva",
2.2,2,2,"Apoyo productivo|Economía Social","organizaciones campesinas","competitividad",
2.2,2,2,"Apoyo productivo|Economía Social","organizaciones campesinas","desarrollo",
2.2,2,2,"Apoyo productivo|Economía Social","organizaciones campesinas","financiamiento",
2.2,2,2,"Apoyo productivo|Economía Social","organizaciones campesinas","formación",
2.2,2,2,"Apoyo productivo|Economía Social","organizaciones campesinas","incubación",
2.2,2,2,"Apoyo productivo|Economía Social","organizaciones campesinas","información",
2.2,2,2,"Apoyo productivo|Economía Social","organizaciones campesinas","iniciativa productiva",
2.2,2,2,"Apoyo productivo|Economía Social","organizaciones campesinas","iniciativas productivas",
2.2,2,2,"Apoyo productivo|Economía Social","organizaciones campesinas","inversión",
2.2,2,2,"Apoyo productivo|Economía Social","organizaciones campesinas","investigación",
2.2,2,2,"Apoyo productivo|Economía Social","organizaciones campesinas","organización",
2.2,2,2,"Apoyo productivo|Economía Social","organizaciones campesinas","producción",
2.2,2,2,"Apoyo productivo|Economía Social","organizaciones campesinas","productividad",
2.2,2,2,"Apoyo productivo|Economía Social","organizaciones campesinas","proyecto productivo",
2.2,2,2,"Apoyo productivo|Economía Social","organizaciones campesinas","proyectos productivos",
2.2,2,2,"Apoyo productivo|Economía Social","organizaciones campesinas","reconversión",
2.2,2,2,"Apoyo productivo|Economía Social","organizaciones campesinas","tecnología",
2.2,2,2,"Apoyo productivo|Economía Social","organizaciones campesinas","transporte",
2.2,2,2,"Apoyo productivo|Economía Social","organizaciones de trabajadores","abasto",
2.2,2,2,"Apoyo productivo|Economía Social","organizaciones de trabajadores","actividad productiva",
2.2,2,2,"Apoyo productivo|Economía Social","organizaciones de trabajadores","actividades productivas",
2.2,2,2,"Apoyo productivo|Economía Social","organizaciones de trabajadores","almacenamiento",
2.2,2,2,"Apoyo productivo|Economía Social","organizaciones de trabajadores","apoyo legal",
2.2,2,2,"Apoyo productivo|Economía Social","organizaciones de trabajadores","aseguramiento",
2.2,2,2,"Apoyo productivo|Economía Social","organizaciones de trabajadores","asesoría",
2.2,2,2,"Apoyo productivo|Economía Social","organizaciones de trabajadores","asistencia técnica",
2.2,2,2,"Apoyo productivo|Economía Social","organizaciones de trabajadores","cadenas productivas",
2.2,2,2,"Apoyo productivo|Economía Social","organizaciones de trabajadores","capacidad productiva",
2.2,2,2,"Apoyo productivo|Economía Social","organizaciones de trabajadores","capacitación",
2.2,2,2,"Apoyo productivo|Economía Social","organizaciones de trabajadores","capitalización",
2.2,2,2,"Apoyo productivo|Economía Social","organizaciones de trabajadores","comercialización",
2.2,2,2,"Apoyo productivo|Economía Social","organizaciones de trabajadores","competitiva",
2.2,2,2,"Apoyo productivo|Economía Social","organizaciones de trabajadores","competitividad",
2.2,2,2,"Apoyo productivo|Economía Social","organizaciones de trabajadores","desarrollo",
2.2,2,2,"Apoyo productivo|Economía Social","organizaciones de trabajadores","financiamiento",
2.2,2,2,"Apoyo productivo|Economía Social","organizaciones de trabajadores","formación",
2.2,2,2,"Apoyo productivo|Economía Social","organizaciones de trabajadores","incubación",
2.2,2,2,"Apoyo productivo|Economía Social","organizaciones de trabajadores","información",
2.2,2,2,"Apoyo productivo|Economía Social","organizaciones de trabajadores","iniciativa productiva",
2.2,2,2,"Apoyo productivo|Economía Social","organizaciones de trabajadores","iniciativas productivas",
2.2,2,2,"Apoyo productivo|Economía Social","organizaciones de trabajadores","inversión",
2.2,2,2,"Apoyo productivo|Economía Social","organizaciones de trabajadores","investigación",
2.2,2,2,"Apoyo productivo|Economía Social","organizaciones de trabajadores","organización",
2.2,2,2,"Apoyo productivo|Economía Social","organizaciones de trabajadores","producción",
2.2,2,2,"Apoyo productivo|Economía Social","organizaciones de trabajadores","productividad",
2.2,2,2,"Apoyo productivo|Economía Social","organizaciones de trabajadores","proyecto productivo",
2.2,2,2,"Apoyo productivo|Economía Social","organizaciones de trabajadores","proyectos productivos",
2.2,2,2,"Apoyo productivo|Economía Social","organizaciones de trabajadores","reconversión",
2.2,2,2,"Apoyo productivo|Economía Social","organizaciones de trabajadores","transporte",
2.2,2,2,"Apoyo productivo|Economía Social","organizaciones indígenas","abasto",
2.2,2,2,"Apoyo productivo|Economía Social","organizaciones indígenas","actividad productiva",
2.2,2,2,"Apoyo productivo|Economía Social","organizaciones indígenas","actividades productivas",
2.2,2,2,"Apoyo productivo|Economía Social","organizaciones indígenas","almacenamiento",
2.2,2,2,"Apoyo productivo|Economía Social","organizaciones indígenas","apoyo legal",
2.2,2,2,"Apoyo productivo|Economía Social","organizaciones indígenas","aseguramiento",
2.2,2,2,"Apoyo productivo|Economía Social","organizaciones indígenas","asesoría",
2.2,2,2,"Apoyo productivo|Economía Social","organizaciones indígenas","asistencia técnica",
2.2,2,2,"Apoyo productivo|Economía Social","organizaciones indígenas","cadenas productivas",
2.2,2,2,"Apoyo productivo|Economía Social","organizaciones indígenas","capacidad productiva",
2.2,2,2,"Apoyo productivo|Economía Social","organizaciones indígenas","capacitación",
2.2,2,2,"Apoyo productivo|Economía Social","organizaciones indígenas","capitalización",
2.2,2,2,"Apoyo productivo|Economía Social","organizaciones indígenas","comercialización",
2.2,2,2,"Apoyo productivo|Economía Social","organizaciones indígenas","competitiva",
2.2,2,2,"Apoyo productivo|Economía Social","organizaciones indígenas","competitividad",
2.2,2,2,"Apoyo productivo|Economía Social","organizaciones indígenas","desarrollo",
2.2,2,2,"Apoyo productivo|Economía Social","organizaciones indígenas","financiamiento",
2.2,2,2,"Apoyo productivo|Economía Social","organizaciones indígenas","formación",
2.2,2,2,"Apoyo productivo|Economía Social","organizaciones indígenas","incubación",
2.2,2,2,"Apoyo productivo|Economía Social","organizaciones indígenas","información",
2.2,2,2,"Apoyo productivo|Economía Social","organizaciones indígenas","iniciativa productiva",
2.2,2,2,"Apoyo productivo|Economía Social","organizaciones indígenas","iniciativas productivas",
2.2,2,2,"Apoyo productivo|Economía Social","organizaciones indígenas","inversión",
2.2,2,2,"Apoyo productivo|Economía Social","organizaciones indígenas","investigación",
2.2,2,2,"Apoyo productivo|Economía Social","organizaciones indígenas","organización",
2.2,2,2,"Apoyo productivo|Economía Social","organizaciones indígenas","producción",
2.2,2,2,"Apoyo productivo|Economía Social","organizaciones indígenas","productividad",
2.2,2,2,"Apoyo productivo|Economía Social","organizaciones indígenas","proyecto productivo",
2.2,2,2,"Apoyo productivo|Economía Social","organizaciones indígenas","proyectos productivos",
2.2,2,2,"Apoyo productivo|Economía Social","organizaciones indígenas","reconversión",
2.2,2,2,"Apoyo productivo|Economía Social","organizaciones indígenas","tecnología",
2.2,2,2,"Apoyo productivo|Economía Social","organizaciones indígenas","transporte",
2.2,2,2,"Apoyo productivo|Economía Social","organizaciones rurales","abasto",
2.2,2,2,"Apoyo productivo|Economía Social","organizaciones rurales","actividad productiva",
2.2,2,2,"Apoyo productivo|Economía Social","organizaciones rurales","actividades productivas",
2.2,2,2,"Apoyo productivo|Economía Social","organizaciones rurales","almacenamiento",
2.2,2,2,"Apoyo productivo|Economía Social","organizaciones rurales","apoyo legal",
2.2,2,2,"Apoyo productivo|Economía Social","organizaciones rurales","aseguramiento",
2.2,2,2,"Apoyo productivo|Economía Social","organizaciones rurales","asesoría",
2.2,2,2,"Apoyo productivo|Economía Social","organizaciones rurales","asistencia técnica",
2.2,2,2,"Apoyo productivo|Economía Social","organizaciones rurales","cadenas productivas",
2.2,2,2,"Apoyo productivo|Economía Social","organizaciones rurales","capacidad productiva",
2.2,2,2,"Apoyo productivo|Economía Social","organizaciones rurales","capacitación",
2.2,2,2,"Apoyo productivo|Economía Social","organizaciones rurales","capitalización",
2.2,2,2,"Apoyo productivo|Economía Social","organizaciones rurales","comercialización",
2.2,2,2,"Apoyo productivo|Economía Social","organizaciones rurales","competitiva",
2.2,2,2,"Apoyo productivo|Economía Social","organizaciones rurales","competitividad",
2.2,2,2,"Apoyo productivo|Economía Social","organizaciones rurales","desarrollo",
2.2,2,2,"Apoyo productivo|Economía Social","organizaciones rurales","financiamiento",
2.2,2,2,"Apoyo productivo|Economía Social","organizaciones rurales","formación",
2.2,2,2,"Apoyo productivo|Economía Social","organizaciones rurales","información",
2.2,2,2,"Apoyo productivo|Economía Social","organizaciones rurales","iniciativa productiva",
2.2,2,2,"Apoyo productivo|Economía Social","organizaciones rurales","iniciativas productivas",
2.2,2,2,"Apoyo productivo|Economía Social","organizaciones rurales","inversión",
2.2,2,2,"Apoyo productivo|Economía Social","organizaciones rurales","investigación",
2.2,2,2,"Apoyo productivo|Economía Social","organizaciones rurales","organización",
2.2,2,2,"Apoyo productivo|Economía Social","organizaciones rurales","producción",
2.2,2,2,"Apoyo productivo|Economía Social","organizaciones rurales","productividad",
2.2,2,2,"Apoyo productivo|Economía Social","organizaciones rurales","proyecto productivo",
2.2,2,2,"Apoyo productivo|Economía Social","organizaciones rurales","proyectos productivos",
2.2,2,2,"Apoyo productivo|Economía Social","organizaciones rurales","reconversión",
2.2,2,2,"Apoyo productivo|Economía Social","organizaciones rurales","tecnología",
2.2,2,2,"Apoyo productivo|Economía Social","organizaciones rurales","transporte",
2.2,2,2,"Apoyo productivo|Economía Social","organizaciones sociales","abasto",
2.2,2,2,"Apoyo productivo|Economía Social","organizaciones sociales","actividad productiva",
2.2,2,2,"Apoyo productivo|Economía Social","organizaciones sociales","actividades productivas",
2.2,2,2,"Apoyo productivo|Economía Social","organizaciones sociales","almacenamiento",
2.2,2,2,"Apoyo productivo|Economía Social","organizaciones sociales","apoyo legal",
2.2,2,2,"Apoyo productivo|Economía Social","organizaciones sociales","aseguramiento",
2.2,2,2,"Apoyo productivo|Economía Social","organizaciones sociales","asesoría",
2.2,2,2,"Apoyo productivo|Economía Social","organizaciones sociales","asistencia técnica",
2.2,2,2,"Apoyo productivo|Economía Social","organizaciones sociales","cadenas productivas",
2.2,2,2,"Apoyo productivo|Economía Social","organizaciones sociales","capacidad productiva",
2.2,2,2,"Apoyo productivo|Economía Social","organizaciones sociales","capacitación",
2.2,2,2,"Apoyo productivo|Economía Social","organizaciones sociales","capitalización",
2.2,2,2,"Apoyo productivo|Economía Social","organizaciones sociales","comercialización",
2.2,2,2,"Apoyo productivo|Economía Social","organizaciones sociales","competitiva",
2.2,2,2,"Apoyo productivo|Economía Social","organizaciones sociales","competitividad",
2.2,2,2,"Apoyo productivo|Economía Social","organizaciones sociales","desarrollo",
2.2,2,2,"Apoyo productivo|Economía Social","organizaciones sociales","financiamiento",
2.2,2,2,"Apoyo productivo|Economía Social","organizaciones sociales","formación",
2.2,2,2,"Apoyo productivo|Economía Social","organizaciones sociales","incubación",
2.2,2,2,"Apoyo productivo|Economía Social","organizaciones sociales","información",
2.2,2,2,"Apoyo productivo|Economía Social","organizaciones sociales","iniciativa productiva",
2.2,2,2,"Apoyo productivo|Economía Social","organizaciones sociales","iniciativas productivas",
2.2,2,2,"Apoyo productivo|Economía Social","organizaciones sociales","inversión",
2.2,2,2,"Apoyo productivo|Economía Social","organizaciones sociales","investigación",
2.2,2,2,"Apoyo productivo|Economía Social","organizaciones sociales","organización",
2.2,2,2,"Apoyo productivo|Economía Social","organizaciones sociales","producción",
2.2,2,2,"Apoyo productivo|Economía Social","organizaciones sociales","productividad",
2.2,2,2,"Apoyo productivo|Economía Social","organizaciones sociales","proyecto productivo",
2.2,2,2,"Apoyo productivo|Economía Social","organizaciones sociales","proyectos productivos",
2.2,2,2,"Apoyo productivo|Economía Social","organizaciones sociales","reconversión",
2.2,2,2,"Apoyo productivo|Economía Social","organizaciones sociales","tecnología",
2.2,2,2,"Apoyo productivo|Economía Social","organizaciones sociales","transporte",
2.2,2,2,"Apoyo productivo|Economía Social","Pequeña","empresa","actividad productiva"
2.2,2,2,"Apoyo productivo|Economía Social","Pequeña","empresa","actividades productivas"
2.2,2,2,"Apoyo productivo|Economía Social","Pequeña","empresa","apoyo legal"
2.2,2,2,"Apoyo productivo|Economía Social","Pequeña","empresa","asesoría"
2.2,2,2,"Apoyo productivo|Economía Social","Pequeña","empresa","asistencia técnica"
2.2,2,2,"Apoyo productivo|Economía Social","Pequeña","empresa","cadenas productivas"
2.2,2,2,"Apoyo productivo|Economía Social","Pequeña","empresa","capacidad productiva"
2.2,2,2,"Apoyo productivo|Economía Social","Pequeña","empresa","capacitación"
2.2,2,2,"Apoyo productivo|Economía Social","Pequeña","empresa","competitiva"
2.2,2,2,"Apoyo productivo|Economía Social","Pequeña","empresa","competitividad"
2.2,2,2,"Apoyo productivo|Economía Social","Pequeña","empresa","desarrollo"
2.2,2,2,"Apoyo productivo|Economía Social","Pequeña","empresa","financiamiento"
2.2,2,2,"Apoyo productivo|Economía Social","Pequeña","empresa","formación"
2.2,2,2,"Apoyo productivo|Economía Social","Pequeña","empresa","incubación"
2.2,2,2,"Apoyo productivo|Economía Social","Pequeña","empresa","información"
2.2,2,2,"Apoyo productivo|Economía Social","Pequeña","empresa","iniciativa productiva"
2.2,2,2,"Apoyo productivo|Economía Social","Pequeña","empresa","iniciativas productivas"
2.2,2,2,"Apoyo productivo|Economía Social","Pequeña","empresa","inversión"
2.2,2,2,"Apoyo productivo|Economía Social","Pequeña","empresa","investigación"
2.2,2,2,"Apoyo productivo|Economía Social","Pequeña","empresa","organización"
2.2,2,2,"Apoyo productivo|Economía Social","Pequeña","empresa","productividad"
2.2,2,2,"Apoyo productivo|Economía Social","Pequeña","empresa","proyecto productivo"
2.2,2,2,"Apoyo productivo|Economía Social","Pequeña","empresa","proyectos productivos"
2.2,2,2,"Apoyo productivo|Economía Social","Pequeña","empresa","tecnología"
2.2,2,2,"Apoyo productivo|Economía Social","productor rural","abasto",
2.2,2,2,"Apoyo productivo|Economía Social","productor rural","actividad productiva",
2.2,2,2,"Apoyo productivo|Economía Social","productor rural","actividades productivas",
2.2,2,2,"Apoyo productivo|Economía Social","productor rural","almacenamiento",
2.2,2,2,"Apoyo productivo|Economía Social","productor rural","apoyo legal",
2.2,2,2,"Apoyo productivo|Economía Social","productor rural","aseguramiento",
2.2,2,2,"Apoyo productivo|Economía Social","productor rural","asesoría",
2.2,2,2,"Apoyo productivo|Economía Social","productor rural","asistencia técnica",
2.2,2,2,"Apoyo productivo|Economía Social","productor rural","cadenas productivas",
2.2,2,2,"Apoyo productivo|Economía Social","productor rural","capacidad productiva",
2.2,2,2,"Apoyo productivo|Economía Social","productor rural","capacitación",
2.2,2,2,"Apoyo productivo|Economía Social","productor rural","capitalización",
2.2,2,2,"Apoyo productivo|Economía Social","productor rural","comercialización",
2.2,2,2,"Apoyo productivo|Economía Social","productor rural","competitiva",
2.2,2,2,"Apoyo productivo|Economía Social","productor rural","competitividad",
2.2,2,2,"Apoyo productivo|Economía Social","productor rural","desarrollo",
2.2,2,2,"Apoyo productivo|Economía Social","productor rural","financiamiento",
2.2,2,2,"Apoyo productivo|Economía Social","productor rural","formación",
2.2,2,2,"Apoyo productivo|Economía Social","productor rural","información",
2.2,2,2,"Apoyo productivo|Economía Social","productor rural","iniciativa productiva",
2.2,2,2,"Apoyo productivo|Economía Social","productor rural","iniciativas productivas",
2.2,2,2,"Apoyo productivo|Economía Social","productor rural","inversión",
2.2,2,2,"Apoyo productivo|Economía Social","productor rural","investigación",
2.2,2,2,"Apoyo productivo|Economía Social","productor rural","organización",
2.2,2,2,"Apoyo productivo|Economía Social","productor rural","producción",
2.2,2,2,"Apoyo productivo|Economía Social","productor rural","productividad",
2.2,2,2,"Apoyo productivo|Economía Social","productor rural","proyecto productivo",
2.2,2,2,"Apoyo productivo|Economía Social","productor rural","proyectos productivos",
2.2,2,2,"Apoyo productivo|Economía Social","productor rural","reconversión",
2.2,2,2,"Apoyo productivo|Economía Social","productor rural","tecnología",
2.2,2,2,"Apoyo productivo|Economía Social","productor rural","transporte",
2.2,2,2,"Apoyo productivo|Economía Social","productores rurales","abasto",
2.2,2,2,"Apoyo productivo|Economía Social","productores rurales","actividad productiva",
2.2,2,2,"Apoyo productivo|Economía Social","productores rurales","actividades productivas",
2.2,2,2,"Apoyo productivo|Economía Social","productores rurales","almacenamiento",
2.2,2,2,"Apoyo productivo|Economía Social","productores rurales","apoyo legal",
2.2,2,2,"Apoyo productivo|Economía Social","productores rurales","aseguramiento",
2.2,2,2,"Apoyo productivo|Economía Social","productores rurales","asesoría",
2.2,2,2,"Apoyo productivo|Economía Social","productores rurales","asistencia técnica",
2.2,2,2,"Apoyo productivo|Economía Social","productores rurales","cadenas productivas",
2.2,2,2,"Apoyo productivo|Economía Social","productores rurales","capacidad productiva",
2.2,2,2,"Apoyo productivo|Economía Social","productores rurales","capacitación",
2.2,2,2,"Apoyo productivo|Economía Social","productores rurales","capitalización",
2.2,2,2,"Apoyo productivo|Economía Social","productores rurales","comercialización",
2.2,2,2,"Apoyo productivo|Economía Social","productores rurales","competitiva",
2.2,2,2,"Apoyo productivo|Economía Social","productores rurales","competitividad",
2.2,2,2,"Apoyo productivo|Economía Social","productores rurales","desarrollo",
2.2,2,2,"Apoyo productivo|Economía Social","productores rurales","financiamiento",
2.2,2,2,"Apoyo productivo|Economía Social","productores rurales","formación",
2.2,2,2,"Apoyo productivo|Economía Social","productores rurales","información",
2.2,2,2,"Apoyo productivo|Economía Social","productores rurales","iniciativa productiva",
2.2,2,2,"Apoyo productivo|Economía Social","productores rurales","iniciativas productivas",
2.2,2,2,"Apoyo productivo|Economía Social","productores rurales","inversión",
2.2,2,2,"Apoyo productivo|Economía Social","productores rurales","investigación",
2.2,2,2,"Apoyo productivo|Economía Social","productores rurales","organización",
2.2,2,2,"Apoyo productivo|Economía Social","productores rurales","producción",
2.2,2,2,"Apoyo productivo|Economía Social","productores rurales","productividad",
2.2,2,2,"Apoyo productivo|Economía Social","productores rurales","proyecto productivo",
2.2,2,2,"Apoyo productivo|Economía Social","productores rurales","proyectos productivos",
2.2,2,2,"Apoyo productivo|Economía Social","productores rurales","reconversión",
2.2,2,2,"Apoyo productivo|Economía Social","productores rurales","tecnología",
2.2,2,2,"Apoyo productivo|Economía Social","productores rurales","transporte",
2.2,2,2,"Apoyo productivo|Economía Social","pueblos indígenas","abasto",
2.2,2,2,"Apoyo productivo|Economía Social","pueblos indígenas","actividad productiva",
2.2,2,2,"Apoyo productivo|Economía Social","pueblos indígenas","actividades productivas",
2.2,2,2,"Apoyo productivo|Economía Social","pueblos indígenas","almacenamiento",
2.2,2,2,"Apoyo productivo|Economía Social","pueblos indígenas","apoyo legal",
2.2,2,2,"Apoyo productivo|Economía Social","pueblos indígenas","aseguramiento",
2.2,2,2,"Apoyo productivo|Economía Social","pueblos indígenas","asesoría",
2.2,2,2,"Apoyo productivo|Economía Social","pueblos indígenas","asistencia técnica",
2.2,2,2,"Apoyo productivo|Economía Social","pueblos indígenas","cadenas productivas",
2.2,2,2,"Apoyo productivo|Economía Social","pueblos indígenas","capacidad productiva",
2.2,2,2,"Apoyo productivo|Economía Social","pueblos indígenas","capacitación",
2.2,2,2,"Apoyo productivo|Economía Social","pueblos indígenas","capitalización",
2.2,2,2,"Apoyo productivo|Economía Social","pueblos indígenas","comercialización",
2.2,2,2,"Apoyo productivo|Economía Social","pueblos indígenas","competitiva",
2.2,2,2,"Apoyo productivo|Economía Social","pueblos indígenas","competitividad",
2.2,2,2,"Apoyo productivo|Economía Social","pueblos indígenas","desarrollo",
2.2,2,2,"Apoyo productivo|Economía Social","pueblos indígenas","financiamiento",
2.2,2,2,"Apoyo productivo|Economía Social","pueblos indígenas","formación",
2.2,2,2,"Apoyo productivo|Economía Social","pueblos indígenas","incubación",
2.2,2,2,"Apoyo productivo|Economía Social","pueblos indígenas","información",
2.2,2,2,"Apoyo productivo|Economía Social","pueblos indígenas","iniciativa productiva",
2.2,2,2,"Apoyo productivo|Economía Social","pueblos indígenas","iniciativas productivas",
2.2,2,2,"Apoyo productivo|Economía Social","pueblos indígenas","inversión",
2.2,2,2,"Apoyo productivo|Economía Social","pueblos indígenas","investigación",
2.2,2,2,"Apoyo productivo|Economía Social","pueblos indígenas","organización",
2.2,2,2,"Apoyo productivo|Economía Social","pueblos indígenas","producción",
2.2,2,2,"Apoyo productivo|Economía Social","pueblos indígenas","productividad",
2.2,2,2,"Apoyo productivo|Economía Social","pueblos indígenas","proyecto productivo",
2.2,2,2,"Apoyo productivo|Economía Social","pueblos indígenas","proyectos productivos",
2.2,2,2,"Apoyo productivo|Economía Social","pueblos indígenas","reconversión",
2.2,2,2,"Apoyo productivo|Economía Social","pueblos indígenas","tecnología",
2.2,2,2,"Apoyo productivo|Economía Social","pueblos indígenas","transporte",
2.2,2,2,"Apoyo productivo|Economía Social","sector social de la economia","abasto",
2.2,2,2,"Apoyo productivo|Economía Social","sector social de la economia","actividad productiva",
2.2,2,2,"Apoyo productivo|Economía Social","sector social de la economia","actividades productivas",
2.2,2,2,"Apoyo productivo|Economía Social","sector social de la economia","almacenamiento",
2.2,2,2,"Apoyo productivo|Economía Social","sector social de la economia","apoyo legal",
2.2,2,2,"Apoyo productivo|Economía Social","sector social de la economia","aseguramiento",
2.2,2,2,"Apoyo productivo|Economía Social","sector social de la economia","asesoría",
2.2,2,2,"Apoyo productivo|Economía Social","sector social de la economia","asistencia técnica",
2.2,2,2,"Apoyo productivo|Economía Social","sector social de la economia","cadenas productivas",
2.2,2,2,"Apoyo productivo|Economía Social","sector social de la economia","capacidad productiva",
2.2,2,2,"Apoyo productivo|Economía Social","sector social de la economia","capacitación",
2.2,2,2,"Apoyo productivo|Economía Social","sector social de la economia","capitalización",
2.2,2,2,"Apoyo productivo|Economía Social","sector social de la economia","comercialización",
2.2,2,2,"Apoyo productivo|Economía Social","sector social de la economia","competitiva",
2.2,2,2,"Apoyo productivo|Economía Social","sector social de la economia","competitividad",
2.2,2,2,"Apoyo productivo|Economía Social","sector social de la economia","desarrollo",
2.2,2,2,"Apoyo productivo|Economía Social","sector social de la economia","financiamiento",
2.2,2,2,"Apoyo productivo|Economía Social","sector social de la economia","formación",
2.2,2,2,"Apoyo productivo|Economía Social","sector social de la economia","incubación",
2.2,2,2,"Apoyo productivo|Economía Social","sector social de la economia","información",
2.2,2,2,"Apoyo productivo|Economía Social","sector social de la economia","iniciativa productiva",
2.2,2,2,"Apoyo productivo|Economía Social","sector social de la economia","iniciativas productivas",
2.2,2,2,"Apoyo productivo|Economía Social","sector social de la economia","inversión",
2.2,2,2,"Apoyo productivo|Economía Social","sector social de la economia","investigación",
2.2,2,2,"Apoyo productivo|Economía Social","sector social de la economia","organización",
2.2,2,2,"Apoyo productivo|Economía Social","sector social de la economia","producción",
2.2,2,2,"Apoyo productivo|Economía Social","sector social de la economia","productividad",
2.2,2,2,"Apoyo productivo|Economía Social","sector social de la economia","proyecto productivo",
2.2,2,2,"Apoyo productivo|Economía Social","sector social de la economia","proyectos productivos",
2.2,2,2,"Apoyo productivo|Economía Social","sector social de la economia","reconversión",
2.2,2,2,"Apoyo productivo|Economía Social","sector social de la economia","tecnología",
2.2,2,2,"Apoyo productivo|Economía Social","sector social de la economia","transporte",
2.2,2,2,"Apoyo productivo|Economía Social","sociedad cooperativa","abasto",
2.2,2,2,"Apoyo productivo|Economía Social","sociedad cooperativa","actividad productiva",
2.2,2,2,"Apoyo productivo|Economía Social","sociedad cooperativa","actividades productivas",
2.2,2,2,"Apoyo productivo|Economía Social","sociedad cooperativa","almacenamiento",
2.2,2,2,"Apoyo productivo|Economía Social","sociedad cooperativa","apoyo legal",
2.2,2,2,"Apoyo productivo|Economía Social","sociedad cooperativa","aseguramiento",
2.2,2,2,"Apoyo productivo|Economía Social","sociedad cooperativa","asesoría",
2.2,2,2,"Apoyo productivo|Economía Social","sociedad cooperativa","asistencia técnica",
2.2,2,2,"Apoyo productivo|Economía Social","sociedad cooperativa","cadenas productivas",
2.2,2,2,"Apoyo productivo|Economía Social","sociedad cooperativa","capacidad productiva",
2.2,2,2,"Apoyo productivo|Economía Social","sociedad cooperativa","capacitación",
2.2,2,2,"Apoyo productivo|Economía Social","sociedad cooperativa","capitalización",
2.2,2,2,"Apoyo productivo|Economía Social","sociedad cooperativa","comercialización",
2.2,2,2,"Apoyo productivo|Economía Social","sociedad cooperativa","competitiva",
2.2,2,2,"Apoyo productivo|Economía Social","sociedad cooperativa","competitividad",
2.2,2,2,"Apoyo productivo|Economía Social","sociedad cooperativa","desarrollo",
2.2,2,2,"Apoyo productivo|Economía Social","sociedad cooperativa","financiamiento",
2.2,2,2,"Apoyo productivo|Economía Social","sociedad cooperativa","formación",
2.2,2,2,"Apoyo productivo|Economía Social","sociedad cooperativa","incubación",
2.2,2,2,"Apoyo productivo|Economía Social","sociedad cooperativa","información",
2.2,2,2,"Apoyo productivo|Economía Social","sociedad cooperativa","iniciativa productiva",
2.2,2,2,"Apoyo productivo|Economía Social","sociedad cooperativa","iniciativas productivas",
2.2,2,2,"Apoyo productivo|Economía Social","sociedad cooperativa","inversión",
2.2,2,2,"Apoyo productivo|Economía Social","sociedad cooperativa","investigación",
2.2,2,2,"Apoyo productivo|Economía Social","sociedad cooperativa","organización",
2.2,2,2,"Apoyo productivo|Economía Social","sociedad cooperativa","producción",
2.2,2,2,"Apoyo productivo|Economía Social","sociedad cooperativa","productividad",
2.2,2,2,"Apoyo productivo|Economía Social","sociedad cooperativa","proyecto productivo",
2.2,2,2,"Apoyo productivo|Economía Social","sociedad cooperativa","proyectos productivos",
2.2,2,2,"Apoyo productivo|Economía Social","sociedad cooperativa","reconversión",
2.2,2,2,"Apoyo productivo|Economía Social","sociedad cooperativa","transporte",
2.2,2,2,"Apoyo productivo|Economía Social","sociedades cooperativas","abasto",
2.2,2,2,"Apoyo productivo|Economía Social","sociedades cooperativas","actividad productiva",
2.2,2,2,"Apoyo productivo|Economía Social","sociedades cooperativas","actividades productivas",
2.2,2,2,"Apoyo productivo|Economía Social","sociedades cooperativas","almacenamiento",
2.2,2,2,"Apoyo productivo|Economía Social","sociedades cooperativas","apoyo legal",
2.2,2,2,"Apoyo productivo|Economía Social","sociedades cooperativas","aseguramiento",
2.2,2,2,"Apoyo productivo|Economía Social","sociedades cooperativas","asesoría",
2.2,2,2,"Apoyo productivo|Economía Social","sociedades cooperativas","asistencia técnica",
2.2,2,2,"Apoyo productivo|Economía Social","sociedades cooperativas","cadenas productivas",
2.2,2,2,"Apoyo productivo|Economía Social","sociedades cooperativas","capacidad productiva",
2.2,2,2,"Apoyo productivo|Economía Social","sociedades cooperativas","capacitación",
2.2,2,2,"Apoyo productivo|Economía Social","sociedades cooperativas","capitalización",
2.2,2,2,"Apoyo productivo|Economía Social","sociedades cooperativas","comercialización",
2.2,2,2,"Apoyo productivo|Economía Social","sociedades cooperativas","competitiva",
2.2,2,2,"Apoyo productivo|Economía Social","sociedades cooperativas","competitividad",
2.2,2,2,"Apoyo productivo|Economía Social","sociedades cooperativas","desarrollo",
2.2,2,2,"Apoyo productivo|Economía Social","sociedades cooperativas","financiamiento",
2.2,2,2,"Apoyo productivo|Economía Social","sociedades cooperativas","formación",
2.2,2,2,"Apoyo productivo|Economía Social","sociedades cooperativas","incubación",
2.2,2,2,"Apoyo productivo|Economía Social","sociedades cooperativas","información",
2.2,2,2,"Apoyo productivo|Economía Social","sociedades cooperativas","iniciativa productiva",
2.2,2,2,"Apoyo productivo|Economía Social","sociedades cooperativas","iniciativas productivas",
2.2,2,2,"Apoyo productivo|Economía Social","sociedades cooperativas","inversión",
2.2,2,2,"Apoyo productivo|Economía Social","sociedades cooperativas","investigación",
2.2,2,2,"Apoyo productivo|Economía Social","sociedades cooperativas","organización",
2.2,2,2,"Apoyo productivo|Economía Social","sociedades cooperativas","producción",
2.2,2,2,"Apoyo productivo|Economía Social","sociedades cooperativas","productividad",
2.2,2,2,"Apoyo productivo|Economía Social","sociedades cooperativas","proyecto productivo",
2.2,2,2,"Apoyo productivo|Economía Social","sociedades cooperativas","proyectos productivos",
2.2,2,2,"Apoyo productivo|Economía Social","sociedades cooperativas","reconversión",
2.2,2,2,"Apoyo productivo|Economía Social","sociedades cooperativas","transporte",
3.1,3,1,"Infraestructura social básica","agua potable",,
3.1,3,1,"Infraestructura social básica","caminos",,
3.1,3,1,"Infraestructura social básica","drenaje",,
3.1,3,1,"Infraestructura social básica","electrificación",,
3.1,3,1,"Infraestructura social básica","Infraestructura social",,
3.1,3,1,"Infraestructura social básica","saneamiento",,
3.1,3,1,"Infraestructura social básica","vías comunicación",,
3.2,3,2,"Infraestructura económica","aguas residuales",,
3.2,3,2,"Infraestructura económica","conservación","aeropuertos",
3.2,3,2,"Infraestructura económica","conservación","carretera alimentadora",
3.2,3,2,"Infraestructura económica","conservación","carreteras",
3.2,3,2,"Infraestructura económica","conservación","comunicación",
3.2,3,2,"Infraestructura económica","conservación","ferroviaria",
3.2,3,2,"Infraestructura económica","conservación","hidroagrícola",
3.2,3,2,"Infraestructura económica","conservación","medio rural",
3.2,3,2,"Infraestructura económica","conservación","puertos",
3.2,3,2,"Infraestructura económica","conservación","seguridad",
3.2,3,2,"Infraestructura económica","conservación","telecomunicaciones",
3.2,3,2,"Infraestructura económica","conservación","turismo",
3.2,3,2,"Infraestructura económica","construcción","aeropuertos",
3.2,3,2,"Infraestructura económica","construcción","carretera alimentadora",
3.2,3,2,"Infraestructura económica","construcción","carreteras",
3.2,3,2,"Infraestructura económica","construcción","comunicación",
3.2,3,2,"Infraestructura económica","construcción","ferroviaria",
3.2,3,2,"Infraestructura económica","construcción","hidroagrícola",
3.2,3,2,"Infraestructura económica","construcción","medio rural",
3.2,3,2,"Infraestructura económica","construcción","puertos",
3.2,3,2,"Infraestructura económica","construcción","seguridad",
3.2,3,2,"Infraestructura económica","construcción","telecomunicaciones",
3.2,3,2,"Infraestructura económica","construcción","turismo",
3.2,3,2,"Infraestructura económica","infraestructura","aeropuertos",
3.2,3,2,"Infraestructura económica","infraestructura","carretera alimentadora",
3.2,3,2,"Infraestructura económica","infraestructura","carreteras",
3.2,3,2,"Infraestructura económica","infraestructura","comunicación",
3.2,3,2,"Infraestructura económica","infraestructura","ferroviaria",
3.2,3,2,"Infraestructura económica","infraestructura","hidroagrícola",
3.2,3,2,"Infraestructura económica","infraestructura","medio rural",
3.2,3,2,"Infraestructura económica","infraestructura","puertos",
3.2,3,2,"Infraestructura económica","infraestructura","seguridad",
3.2,3,2,"Infraestructura económica","infraestructura","telecomunicaciones",
3.2,3,2,"Infraestructura económica","infraestructura","turismo",
3.2,3,2,"Infraestructura económica","transporte colectivo",,
3.3,3,3,"Inversión productiva y económica","adaptación","tecnología",
3.3,3,3,"Inversión productiva y económica","adaptación","tecnológica",
3.3,3,3,"Inversión productiva y económica","adopción","tecnología",
3.3,3,3,"Inversión productiva y económica","adopción","tecnológica",
3.3,3,3,"Inversión productiva y económica","innovación","tecnología",
3.3,3,3,"Inversión productiva y económica","innovación","tecnológica",
3.3,3,3,"Inversión productiva y económica","inversión productiva",,
3.3,3,3,"Inversión productiva y económica","investigación",,
3.3,3,3,"Inversión productiva y económica","núcleos productivos",,
3.3,3,3,"Inversión productiva y económica","reconversión económica",,
3.3,3,3,"Inversión productiva y económica","reconversión productiva",,
3.3,3,3,"Inversión productiva y económica","transferencia","tecnología",
3.3,3,3,"Inversión productiva y económica","transferencia","tecnológica",
3.4,3,4,"Ordenamiento territorial","contingencia",,
3.4,3,4,"Ordenamiento territorial","equipamiento urbano",,
3.4,3,4,"Ordenamiento territorial","fenómenos naturales",,
3.4,3,4,"Ordenamiento territorial","integración","urbana",
3.4,3,4,"Ordenamiento territorial","urbanización",,
3.5,3,5,"desarrollo regional","federalismo fiscal",,
3.5,3,5,"desarrollo regional","polo","crecimiento",
3.5,3,5,"desarrollo regional","polo","desarrollo",
3.5,3,5,"desarrollo regional","polo","equilibrio",
3.5,3,5,"desarrollo regional","región","crecimiento",
3.5,3,5,"desarrollo regional","región","desarrollo",
3.5,3,5,"desarrollo regional","región","equilibrio",
3.5,3,5,"desarrollo regional","regional","crecimiento",
3.5,3,5,"desarrollo regional","regional","desarrollo",
3.5,3,5,"desarrollo regional","regional","equilibrio",
3.5,3,5,"desarrollo regional","zona","crecimiento",
3.5,3,5,"desarrollo regional","zona","desarrollo",
3.5,3,5,"desarrollo regional","zona","equilibrio",
3.5,3,5,"desarrollo regional","zona de atención prioritaria",,
3.5,3,5,"desarrollo regional","zona económica especial",,
3.5,3,5,"desarrollo regional","zonas metropolitanas",,
4.1,4,1,"Contraloría social","atención","denuncias",
4.1,4,1,"Contraloría social","atención","quejas",
4.1,4,1,"Contraloría social","Contraloría social","asesoría",
4.1,4,1,"Contraloría social","Contraloría social","capacitación",
4.1,4,1,"Contraloría social","Contraloría social","recopilación informes",
4.1,4,1,"Contraloría social","Contraloría social","Seguimiento",
4.1,4,1,"Contraloría social","Contraloría social","Supervisión",
4.1,4,1,"Contraloría social","Contraloría social","Vigilancia",
4.2,4,2,"Participación social","Beneficiarios","acceso a la información",
4.2,4,2,"Participación social","Beneficiarios","Coinversión",
4.2,4,2,"Participación social","Beneficiarios","Consultas públicas",
4.2,4,2,"Participación social","Beneficiarios","Convocatorias",
4.2,4,2,"Participación social","Beneficiarios","Difusión",
4.2,4,2,"Participación social","Beneficiarios","participación",
4.2,4,2,"Participación social","Beneficiarios","participan",
4.2,4,2,"Participación social","Beneficiarios","Promoción",
4.2,4,2,"Participación social","ciudadana","acceso a la información",
4.2,4,2,"Participación social","ciudadana","Coinversión",
4.2,4,2,"Participación social","ciudadana","Consultas públicas",
4.2,4,2,"Participación social","ciudadana","Convocatorias",
4.2,4,2,"Participación social","ciudadana","Difusión",
4.2,4,2,"Participación social","ciudadana","Entrega información",
4.2,4,2,"Participación social","ciudadana","participación",
4.2,4,2,"Participación social","ciudadana","participan",
4.2,4,2,"Participación social","ciudadana","Promoción",
4.2,4,2,"Participación social","ciudadanos","acceso a la información",
4.2,4,2,"Participación social","ciudadanos","Coinversión",
4.2,4,2,"Participación social","ciudadanos","Consultas públicas",
4.2,4,2,"Participación social","ciudadanos","Convocatorias",
4.2,4,2,"Participación social","ciudadanos","Difusión",
4.2,4,2,"Participación social","ciudadanos","Entrega información",
4.2,4,2,"Participación social","ciudadanos","participación",
4.2,4,2,"Participación social","ciudadanos","participan",
4.2,4,2,"Participación social","ciudadanos","Promoción",
4.2,4,2,"Participación social","comunidades","acceso a la información",
4.2,4,2,"Participación social","comunidades","Coinversión",
4.2,4,2,"Participación social","comunidades","Consultas públicas",
4.2,4,2,"Participación social","comunidades","Convocatorias",
4.2,4,2,"Participación social","comunidades","Difusión",
4.2,4,2,"Participación social","comunidades","participación",
4.2,4,2,"Participación social","comunidades","participan",
4.2,4,2,"Participación social","comunidades","Promoción",
4.2,4,2,"Participación social","cooperativas","acceso a la información",
4.2,4,2,"Participación social","cooperativas","Coinversión",
4.2,4,2,"Participación social","cooperativas","Consultas públicas",
4.2,4,2,"Participación social","cooperativas","Convocatorias",
4.2,4,2,"Participación social","cooperativas","Difusión",
4.2,4,2,"Participación social","cooperativas","participación",
4.2,4,2,"Participación social","cooperativas","participan",
4.2,4,2,"Participación social","cooperativas","Promoción",
4.2,4,2,"Participación social","Instituciones académicas","Entrega información",
4.2,4,2,"Participación social","instituciones de educación públicas y privadas","acceso a la información",
4.2,4,2,"Participación social","instituciones de educación públicas y privadas","Coinversión",
4.2,4,2,"Participación social","instituciones de educación públicas y privadas","Consultas públicas",
4.2,4,2,"Participación social","instituciones de educación públicas y privadas","Convocatorias",
4.2,4,2,"Participación social","instituciones de educación públicas y privadas","Difusión",
4.2,4,2,"Participación social","instituciones de educación públicas y privadas","participación",
4.2,4,2,"Participación social","instituciones de educación públicas y privadas","participan",
4.2,4,2,"Participación social","instituciones de educación públicas y privadas","Promoción",
4.2,4,2,"Participación social","migrantes","acceso a la información",
4.2,4,2,"Participación social","migrantes","Coinversión",
4.2,4,2,"Participación social","migrantes","Consultas públicas",
4.2,4,2,"Participación social","migrantes","Convocatorias",
4.2,4,2,"Participación social","migrantes","Difusión",
4.2,4,2,"Participación social","migrantes","Entrega información",
4.2,4,2,"Participación social","migrantes","participación",
4.2,4,2,"Participación social","migrantes","participan",
4.2,4,2,"Participación social","migrantes","Promoción",
4.2,4,2,"Participación social","Organizaciones campesinas","acceso a la información",
4.2,4,2,"Participación social","Organizaciones campesinas","Coinversión",
4.2,4,2,"Participación social","Organizaciones campesinas","Consultas públicas",
4.2,4,2,"Participación social","Organizaciones campesinas","Convocatorias",
4.2,4,2,"Participación social","Organizaciones campesinas","Difusión",
4.2,4,2,"Participación social","Organizaciones campesinas","participación",
4.2,4,2,"Participación social","Organizaciones campesinas","participan",
4.2,4,2,"Participación social","Organizaciones campesinas","Promoción",
4.2,4,2,"Participación social","Organizaciones de la sociedad civil","acceso a la información",
4.2,4,2,"Participación social","Organizaciones de la sociedad civil","Coinversión",
4.2,4,2,"Participación social","Organizaciones de la sociedad civil","Consultas públicas",
4.2,4,2,"Participación social","Organizaciones de la sociedad civil","Convocatorias",
4.2,4,2,"Participación social","Organizaciones de la sociedad civil","Difusión",
4.2,4,2,"Participación social","Organizaciones de la sociedad civil","Entrega información",
4.2,4,2,"Participación social","Organizaciones de la sociedad civil","participación",
4.2,4,2,"Participación social","Organizaciones de la sociedad civil","participan",
4.2,4,2,"Participación social","Organizaciones de la sociedad civil","Promoción",
4.2,4,2,"Participación social","organizaciones de trabajadores","acceso a la información",
4.2,4,2,"Participación social","organizaciones de trabajadores","Coinversión",
4.2,4,2,"Participación social","organizaciones de trabajadores","Consultas públicas",
4.2,4,2,"Participación social","organizaciones de trabajadores","Convocatorias",
4.2,4,2,"Participación social","organizaciones de trabajadores","Difusión",
4.2,4,2,"Participación social","organizaciones de trabajadores","participación",
4.2,4,2,"Participación social","organizaciones de trabajadores","participan",
4.2,4,2,"Participación social","organizaciones de trabajadores","Promoción",
4.2,4,2,"Participación social","organizaciones sociales","acceso a la información",
4.2,4,2,"Participación social","organizaciones sociales","Coinversión",
4.2,4,2,"Participación social","organizaciones sociales","Consultas públicas",
4.2,4,2,"Participación social","organizaciones sociales","Convocatorias",
4.2,4,2,"Participación social","organizaciones sociales","Difusión",
4.2,4,2,"Participación social","organizaciones sociales","Entrega información",
4.2,4,2,"Participación social","organizaciones sociales","participación",
4.2,4,2,"Participación social","organizaciones sociales","participan",
4.2,4,2,"Participación social","organizaciones sociales","Promoción",
4.2,4,2,"Participación social","social","acceso a la información",
4.2,4,2,"Participación social","social","Coinversión",
4.2,4,2,"Participación social","social","Consultas públicas",
4.2,4,2,"Participación social","social","Convocatorias",
4.2,4,2,"Participación social","social","Difusión",
4.2,4,2,"Participación social","social","Entrega información",
4.2,4,2,"Participación social","social","participación",
4.2,4,2,"Participación social","social","participan",
4.2,4,2,"Participación social","social","Promoción",
5.1,5,1,"Sustentabilidad","sustentabilidad",,
5.2,5,2,"Sostenibilidad","sostenibilidad",,
5.3,5,3,"Desarrollo Equilibrado","desarrollo equilibrado",,
